{
    "energy_consumption_joules": 9474.264078626678,
    "execution_time_seconds": 713.3126,
    "watts": 13.282064663692578
}