{
    "energy_consumption_joules": 9650.825716318126,
    "execution_time_seconds": 713.7172,
    "watts": 13.521918368112924
}