{
    "energy_consumption_joules": 12105.863354696285,
    "execution_time_seconds": 940.3282,
    "watts": 12.874083064504802
}