{
    "energy_consumption_joules": 11805.906426537522,
    "execution_time_seconds": 936.9271,
    "watts": 12.600667038596196
}