{
    "energy_consumption_joules": 9739.739961593668,
    "execution_time_seconds": 715.3436,
    "watts": 13.615470889225357
}