{
    "energy_consumption_joules": 261.5623779296875,
    "execution_time_seconds": 10.608669,
    "watts": 24.655531992721
}