{
    "energy_consumption_joules": 12037.625139711365,
    "execution_time_seconds": 938.45557,
    "watts": 12.827059185882785
}