{
    "energy_consumption_joules": 104.13430345535278,
    "execution_time_seconds": 4.911417,
    "watts": 21.202496846704886
}