{
    "energy_consumption_joules": 11193.540263676668,
    "execution_time_seconds": 878.69775,
    "watts": 12.738783345782629
}