{
    "energy_consumption_joules": 11166.058364498173,
    "execution_time_seconds": 879.03186,
    "watts": 12.702677653228829
}