{
    "energy_consumption_joules": 11965.839290167789,
    "execution_time_seconds": 941.4746,
    "watts": 12.709678296331933
}