{
    "energy_consumption_joules": 11119.443966120747,
    "execution_time_seconds": 879.8002,
    "watts": 12.638601316663427
}