{
    "energy_consumption_joules": 11168.75220504857,
    "execution_time_seconds": 877.7907,
    "watts": 12.723707604840845
}