{
    "energy_consumption_joules": 9479.721896860137,
    "execution_time_seconds": 713.32794,
    "watts": 13.2894302399821
}