{
    "energy_consumption_joules": 9473.563106166857,
    "execution_time_seconds": 713.9557,
    "watts": 13.26911894696948
}