{
    "energy_consumption_joules": 11855.517959237142,
    "execution_time_seconds": 937.7803,
    "watts": 12.642106002053085
}