{
    "energy_consumption_joules": 12093.013303230251,
    "execution_time_seconds": 935.99414,
    "watts": 12.919966895551559
}