{
    "energy_consumption_joules": 9635.057700045612,
    "execution_time_seconds": 715.28546,
    "watts": 13.470227257304536
}