{
    "energy_consumption_joules": 284.3283386230469,
    "execution_time_seconds": 11.208089,
    "watts": 25.368137121595563
}