{
    "energy_consumption_joules": 103.77031318283083,
    "execution_time_seconds": 4.893188,
    "watts": 21.207097128258884
}