{
    "energy_consumption_joules": 101.35709022903441,
    "execution_time_seconds": 4.7209735,
    "watts": 21.46953170337313
}