{
    "energy_consumption_joules": 652.5996434822084,
    "execution_time_seconds": 25.236097,
    "watts": 25.85976918230297
}
