{
    "energy_consumption_joules": 11208.373684591283,
    "execution_time_seconds": 877.5103,
    "watts": 12.772925496818992
}