{
    "energy_consumption_joules": 690.0506506690978,
    "execution_time_seconds": 25.453533,
    "watts": 27.110211013500475
}