{
    "energy_consumption_joules": 121.75785745811459,
    "execution_time_seconds": 5.3435335,
    "watts": 22.786019299423234
}