{
    "energy_consumption_joules": 9568.103407177925,
    "execution_time_seconds": 713.17487,
    "watts": 13.416209417443332
}