iteration,energy_consumption_joules,execution_time_seconds,watts
0,293.45184326171875,11.609672,25.276497325826153
1,294.8284454345703,11.607994,25.398742059529866
2,289.8862762451172,11.20818,25.863813415301788
3,304.0772399902344,11.4070835,26.656878595675604
4,292.53565979003906,11.407083,25.645089089825948
