iteration,energy_consumption_joules,execution_time_seconds,watts
0,285.46240234375,11.607998,24.59187211642783
1,290.89927673339844,11.60789,25.060478410236353
2,284.3283386230469,11.208089,25.368137121595563
3,297.53611755371094,11.208806,26.54485389021016
4,305.29730224609375,11.608043,26.300497185106373
