iteration,energy_consumption_joules,execution_time_seconds,watts
0,5919.500549316406,179.87527,32.90891821491863
1,276.54795837402344,10.828171,25.53967409399274
2,265.2783203125,10.807118,24.546629389306197
3,258.9579315185547,10.407929,24.88083186564346
4,267.2775421142578,10.607674,25.196621060777115
