iteration,energy_consumption_joules,execution_time_seconds,watts
0,5853.190170288086,180.07631,32.50394330208169
1,277.4061584472656,10.807124,25.668823495248656
2,270.2749786376953,10.8082075,25.006457235179404
3,256.8799743652344,10.808594,23.766271021488492
4,261.5623779296875,10.608669,24.655531992721
