iteration,energy_consumption_joules,execution_time_seconds,watts
0,12412.012176513672,474.98322,26.131475079295793
1,294.05877685546875,11.609011,25.33021778129668
2,286.8554229736328,11.408898,25.143131525378944
3,281.0495910644531,11.407851,24.636506127618
4,292.7022247314453,11.209219,26.112633246923387
