iteration,energy_consumption_joules,execution_time_seconds,watts
0,14508.068954467773,556.2089,26.08384898995283
1,292.74244689941406,11.407855,25.661480348357696
2,289.38499450683594,11.409569,25.36335899338844
3,300.15069580078125,11.609165,25.85463259422889
4,295.23777770996094,11.408069,25.879732819810343
