{
    "energy_consumption_joules": 11936.374304921183,
    "execution_time_seconds": 937.57043,
    "watts": 12.73117615806333
}