{
    "energy_consumption_joules": 9487.540365336414,
    "execution_time_seconds": 714.2257,
    "watts": 13.283672605643305
}