{
    "energy_consumption_joules": 9937.172172875367,
    "execution_time_seconds": 714.38434,
    "watts": 13.910120388242788
}