{
    "energy_consumption_joules": 11186.532829408168,
    "execution_time_seconds": 880.79407,
    "watts": 12.700508791354792
}