{
    "energy_consumption_joules": 297.53611755371094,
    "execution_time_seconds": 11.208806,
    "watts": 26.54485389021016
}