{
    "energy_consumption_joules": 11955.269765001816,
    "execution_time_seconds": 937.1115,
    "watts": 12.757574488203183
}