{
    "energy_consumption_joules": 294.05877685546875,
    "execution_time_seconds": 11.609011,
    "watts": 25.33021778129668
}