{
    "energy_consumption_joules": 11941.99662319371,
    "execution_time_seconds": 938.4387,
    "watts": 12.725388054855058
}