{
    "energy_consumption_joules": 9580.606358270647,
    "execution_time_seconds": 718.5476,
    "watts": 13.333293936644763
}