{
    "energy_consumption_joules": 256.8799743652344,
    "execution_time_seconds": 10.808594,
    "watts": 23.766271021488492
}