{
    "energy_consumption_joules": 12412.012176513672,
    "execution_time_seconds": 474.98322,
    "watts": 26.131475079295793
}