{
    "energy_consumption_joules": 290.89927673339844,
    "execution_time_seconds": 11.60789,
    "watts": 25.060478410236353
}