{
    "energy_consumption_joules": 90.09198302841187,
    "execution_time_seconds": 4.7188196,
    "watts": 19.092059172682056
}