{
    "energy_consumption_joules": 11316.698696707732,
    "execution_time_seconds": 879.50165,
    "watts": 12.867171649658339
}