{
    "energy_consumption_joules": 300.15069580078125,
    "execution_time_seconds": 11.609165,
    "watts": 25.85463259422889
}