{
    "energy_consumption_joules": 9589.918906236646,
    "execution_time_seconds": 714.156,
    "watts": 13.42832505256085
}