{
    "energy_consumption_joules": 11861.925456801424,
    "execution_time_seconds": 938.2376,
    "watts": 12.642773490213377
}