{
    "energy_consumption_joules": 11111.765620622595,
    "execution_time_seconds": 879.3517,
    "watts": 12.636315618224874
}