{
    "energy_consumption_joules": 12135.75007567216,
    "execution_time_seconds": 940.44775,
    "watts": 12.904225753820093
}