{
    "energy_consumption_joules": 11864.130482995011,
    "execution_time_seconds": 937.996,
    "watts": 12.648380678590327
}