{
    "energy_consumption_joules": 11218.155231853514,
    "execution_time_seconds": 879.78284,
    "watts": 12.75105028401499
}