{
    "energy_consumption_joules": 11262.229614600175,
    "execution_time_seconds": 880.5576,
    "watts": 12.78988406278042
}