{
    "energy_consumption_joules": 9414.406358019798,
    "execution_time_seconds": 715.9738,
    "watts": 13.149093385847078
}