{
    "energy_consumption_joules": 11969.511390520081,
    "execution_time_seconds": 938.3316,
    "watts": 12.756163589204586
}