{
    "energy_consumption_joules": 11104.311022105208,
    "execution_time_seconds": 878.5375,
    "watts": 12.639541308259702
}