{
    "energy_consumption_joules": 5919.500549316406,
    "execution_time_seconds": 179.87527,
    "watts": 32.90891821491863
}