{
    "energy_consumption_joules": 9430.863271532966,
    "execution_time_seconds": 713.1235,
    "watts": 13.224726532687487
}