{
    "energy_consumption_joules": 96.27795629692079,
    "execution_time_seconds": 4.50214,
    "watts": 21.384931676251913
}