{
    "energy_consumption_joules": 102.89791871452331,
    "execution_time_seconds": 4.9082546,
    "watts": 20.96425860111725
}