{
    "energy_consumption_joules": 294.8284454345703,
    "execution_time_seconds": 11.607994,
    "watts": 25.398742059529866
}