{
    "energy_consumption_joules": 12029.701240021703,
    "execution_time_seconds": 939.70544,
    "watts": 12.801566031182817
}