{
    "energy_consumption_joules": 11351.792972645766,
    "execution_time_seconds": 879.1757,
    "watts": 12.911859338976004
}