{
    "energy_consumption_joules": 292.74244689941406,
    "execution_time_seconds": 11.407855,
    "watts": 25.661480348357696
}