{
    "energy_consumption_joules": 258.9579315185547,
    "execution_time_seconds": 10.407929,
    "watts": 24.88083186564346
}