{
    "energy_consumption_joules": 11201.367571587572,
    "execution_time_seconds": 880.2486,
    "watts": 12.725231907880993
}