{
    "energy_consumption_joules": 9445.645599610294,
    "execution_time_seconds": 714.61914,
    "watts": 13.217733854162224
}