{
    "energy_consumption_joules": 11322.183579230334,
    "execution_time_seconds": 878.3307,
    "watts": 12.89057023650697
}