{
    "energy_consumption_joules": 11117.328556411681,
    "execution_time_seconds": 878.6168,
    "watts": 12.65321646070469
}