{
    "energy_consumption_joules": 9468.520352882348,
    "execution_time_seconds": 713.53625,
    "watts": 13.269851886126805
}