{
    "energy_consumption_joules": 11972.565105749105,
    "execution_time_seconds": 938.81866,
    "watts": 12.752798400650777
}