{
    "energy_consumption_joules": 96.19836236953734,
    "execution_time_seconds": 4.688283,
    "watts": 20.51888983014407
}