{
    "energy_consumption_joules": 11874.483790225955,
    "execution_time_seconds": 938.9154,
    "watts": 12.647022074859946
}