{
    "energy_consumption_joules": 11941.91839721389,
    "execution_time_seconds": 938.5021,
    "watts": 12.724445046221943
}