{
    "energy_consumption_joules": 96.03434854125975,
    "execution_time_seconds": 4.4899,
    "watts": 21.38897270345882
}