{
    "energy_consumption_joules": 276.54795837402344,
    "execution_time_seconds": 10.828171,
    "watts": 25.53967409399274
}