{
    "energy_consumption_joules": 9515.627673311263,
    "execution_time_seconds": 712.8496,
    "watts": 13.348717139367494
}