{
    "energy_consumption_joules": 11950.908498734458,
    "execution_time_seconds": 937.7498,
    "watts": 12.74423998675815
}