{
    "energy_consumption_joules": 11852.025126587852,
    "execution_time_seconds": 938.46405,
    "watts": 12.62917330353555
}