{
    "energy_consumption_joules": 9596.607806616781,
    "execution_time_seconds": 712.86615,
    "watts": 13.46200518374562
}