{
    "energy_consumption_joules": 9392.98303668215,
    "execution_time_seconds": 713.98914,
    "watts": 13.155638525093183
}