{
    "energy_consumption_joules": 285.46240234375,
    "execution_time_seconds": 11.607998,
    "watts": 24.59187211642783
}