{
    "energy_consumption_joules": 11391.497691012393,
    "execution_time_seconds": 879.8065,
    "watts": 12.947730769222996
}