{
    "energy_consumption_joules": 128.51939008712768,
    "execution_time_seconds": 5.723631,
    "watts": 22.454171152390444
}