{
    "energy_consumption_joules": 109.19419574546814,
    "execution_time_seconds": 5.3084135,
    "watts": 20.570024498933275
}