{
    "energy_consumption_joules": 454.5303290977478,
    "execution_time_seconds": 17.499264,
    "watts": 25.974254065642292
}