{
    "energy_consumption_joules": 270.2749786376953,
    "execution_time_seconds": 10.8082075,
    "watts": 25.006457235179404
}