{
    "energy_consumption_joules": 9598.958385096303,
    "execution_time_seconds": 718.4188,
    "watts": 13.361229390289205
}