{
    "energy_consumption_joules": 292.53565979003906,
    "execution_time_seconds": 11.407083,
    "watts": 25.645089089825948
}