{
    "energy_consumption_joules": 109.11240100669863,
    "execution_time_seconds": 5.1110163,
    "watts": 21.348474472033796
}