{
    "energy_consumption_joules": 11975.960435672761,
    "execution_time_seconds": 938.0532,
    "watts": 12.766824350338299
}