{
    "energy_consumption_joules": 9489.792711625081,
    "execution_time_seconds": 711.9451,
    "watts": 13.329388335736956
}