{
    "energy_consumption_joules": 281.0495910644531,
    "execution_time_seconds": 11.407851,
    "watts": 24.636506127618
}