{
    "energy_consumption_joules": 655.7686711158753,
    "execution_time_seconds": 25.186361,
    "watts": 26.03665813873927
}