{
    "energy_consumption_joules": 88.93440820407868,
    "execution_time_seconds": 4.4916816,
    "watts": 19.79980241789148
}