{
    "energy_consumption_joules": 87.33726035785675,
    "execution_time_seconds": 4.5181828,
    "watts": 19.330174148300674
}