{
    "energy_consumption_joules": 9488.199197918857,
    "execution_time_seconds": 715.9108,
    "watts": 13.253325970105294
}