{
    "energy_consumption_joules": 11221.703123370147,
    "execution_time_seconds": 878.82434,
    "watts": 12.768994453852002
}