{
    "energy_consumption_joules": 11285.764968840633,
    "execution_time_seconds": 882.0945,
    "watts": 12.794281076279958
}