{
    "energy_consumption_joules": 107.05574476623538,
    "execution_time_seconds": 5.0892253,
    "watts": 21.03576447406158
}