{
    "energy_consumption_joules": 11989.277383724186,
    "execution_time_seconds": 940.03503,
    "watts": 12.754075115396695
}