{
    "energy_consumption_joules": 11953.69910564518,
    "execution_time_seconds": 939.59625,
    "watts": 12.722165617035168
}