{
    "energy_consumption_joules": 11150.27042590235,
    "execution_time_seconds": 878.3133,
    "watts": 12.69509459312793
}