{
    "energy_consumption_joules": 11215.695208630565,
    "execution_time_seconds": 880.1765,
    "watts": 12.742552441050817
}