{
    "energy_consumption_joules": 9590.687244983626,
    "execution_time_seconds": 712.0928,
    "watts": 13.46831093501244
}