{
    "energy_consumption_joules": 9415.962033903137,
    "execution_time_seconds": 712.78455,
    "watts": 13.210109610124318
}