{
    "energy_consumption_joules": 11133.741124709151,
    "execution_time_seconds": 879.01013,
    "watts": 12.666226184115935
}