{
    "energy_consumption_joules": 9491.613530579563,
    "execution_time_seconds": 714.7748,
    "watts": 13.279166431972088
}