{
    "energy_consumption_joules": 11233.351043289143,
    "execution_time_seconds": 879.95966,
    "watts": 12.765756833999804
}