{
    "energy_consumption_joules": 9480.464513395042,
    "execution_time_seconds": 714.1759,
    "watts": 13.2746911697735
}