{
    "energy_consumption_joules": 11199.760060127977,
    "execution_time_seconds": 879.99854,
    "watts": 12.727021183612392
}