{
    "energy_consumption_joules": 9596.241389555928,
    "execution_time_seconds": 716.4242,
    "watts": 13.394636012513155
}