{
    "energy_consumption_joules": 289.38499450683594,
    "execution_time_seconds": 11.409569,
    "watts": 25.36335899338844
}