{
    "energy_consumption_joules": 11243.875338782296,
    "execution_time_seconds": 880.8236,
    "watts": 12.765184015031268
}