{
    "energy_consumption_joules": 9359.007150882679,
    "execution_time_seconds": 713.1145,
    "watts": 13.124129646617309
}