{
    "energy_consumption_joules": 292.7022247314453,
    "execution_time_seconds": 11.209219,
    "watts": 26.112633246923387
}