{
    "energy_consumption_joules": 9588.68062802031,
    "execution_time_seconds": 719.02673,
    "watts": 13.335638618080736
}