{
    "energy_consumption_joules": 11219.401108785649,
    "execution_time_seconds": 879.6936,
    "watts": 12.753760069171413
}