{
    "energy_consumption_joules": 11879.732756336216,
    "execution_time_seconds": 937.8396,
    "watts": 12.667126400224745
}