{
    "energy_consumption_joules": 11341.75930457116,
    "execution_time_seconds": 878.7397,
    "watts": 12.906847505092987
}