{
    "energy_consumption_joules": 11217.620210867832,
    "execution_time_seconds": 879.7726,
    "watts": 12.750590562683847
}