{
    "energy_consumption_joules": 265.2783203125,
    "execution_time_seconds": 10.807118,
    "watts": 24.546629389306197
}