{
    "energy_consumption_joules": 11210.609055521041,
    "execution_time_seconds": 878.8909,
    "watts": 12.755404630450766
}