{
    "energy_consumption_joules": 11133.043647007944,
    "execution_time_seconds": 880.28503,
    "watts": 12.647089598931318
}