{
    "energy_consumption_joules": 11983.747729461653,
    "execution_time_seconds": 939.38336,
    "watts": 12.75703641318668
}