{
    "energy_consumption_joules": 11923.368822130149,
    "execution_time_seconds": 939.0567,
    "watts": 12.697176669023445
}