{
    "energy_consumption_joules": 11104.7615683546,
    "execution_time_seconds": 878.6728,
    "watts": 12.638107801168534
}