{
    "energy_consumption_joules": 9741.17396654985,
    "execution_time_seconds": 713.7305,
    "watts": 13.64825233971345
}