{
    "energy_consumption_joules": 9476.062786066079,
    "execution_time_seconds": 714.86383,
    "watts": 13.255759192720772
}