{
    "energy_consumption_joules": 14508.068954467773,
    "execution_time_seconds": 556.2089,
    "watts": 26.08384898995283
}