{
    "energy_consumption_joules": 12007.488863029505,
    "execution_time_seconds": 937.84955,
    "watts": 12.803214399398607
}