{
    "energy_consumption_joules": 11841.312067971701,
    "execution_time_seconds": 938.0664,
    "watts": 12.623106496482233
}