{
    "energy_consumption_joules": 11270.746842106859,
    "execution_time_seconds": 878.9163,
    "watts": 12.823458663932913
}