{
    "energy_consumption_joules": 12758.902873311963,
    "execution_time_seconds": 938.8884,
    "watts": 13.589371083200051
}