{
    "energy_consumption_joules": 11874.359897741328,
    "execution_time_seconds": 938.4855,
    "watts": 12.652683390144363
}