{
    "energy_consumption_joules": 11970.597393823613,
    "execution_time_seconds": 937.7537,
    "watts": 12.765182791412727
}