{
    "energy_consumption_joules": 11966.925993965184,
    "execution_time_seconds": 937.5864,
    "watts": 12.763544771943346
}