{
    "energy_consumption_joules": 9451.276228302964,
    "execution_time_seconds": 715.04913,
    "watts": 13.217659922616736
}