{
    "energy_consumption_joules": 9443.944734720262,
    "execution_time_seconds": 718.0826,
    "watts": 13.151613386426941
}