{
    "energy_consumption_joules": 11094.594517742164,
    "execution_time_seconds": 878.4275,
    "watts": 12.630062831300435
}