{
    "energy_consumption_joules": 11182.28368760683,
    "execution_time_seconds": 877.4986,
    "watts": 12.743363565032276
}