{
    "energy_consumption_joules": 11954.870580949788,
    "execution_time_seconds": 939.1811,
    "watts": 12.729036584051562
}