{
    "energy_consumption_joules": 109.02282094955443,
    "execution_time_seconds": 5.111188,
    "watts": 21.33023104404581
}