{
    "energy_consumption_joules": 11207.509359417902,
    "execution_time_seconds": 878.33624,
    "watts": 12.759930478808323
}