{
    "energy_consumption_joules": 9453.305743837296,
    "execution_time_seconds": 717.66266,
    "watts": 13.172352792936582
}