{
    "energy_consumption_joules": 9466.95372073459,
    "execution_time_seconds": 714.3306,
    "watts": 13.25290239664182
}