{
    "energy_consumption_joules": 67.29107214546204,
    "execution_time_seconds": 4.514029,
    "watts": 14.907097882061024
}