{
    "energy_consumption_joules": 9574.731962088086,
    "execution_time_seconds": 714.16095,
    "watts": 13.406966541769172
}