{
    "energy_consumption_joules": 9356.721116800303,
    "execution_time_seconds": 713.08374,
    "watts": 13.121489934408409
}