{
    "energy_consumption_joules": 293.45184326171875,
    "execution_time_seconds": 11.609672,
    "watts": 25.276497325826153
}