{
    "energy_consumption_joules": 11877.964569615395,
    "execution_time_seconds": 937.9488,
    "watts": 12.663766475969044
}