{
    "energy_consumption_joules": 431.09893850326546,
    "execution_time_seconds": 17.304602,
    "watts": 24.912386803421743
}