{
    "energy_consumption_joules": 102.37872976779938,
    "execution_time_seconds": 5.1189585,
    "watts": 19.999913999654304
}