{
    "energy_consumption_joules": 91.97490095329286,
    "execution_time_seconds": 4.694376,
    "watts": 19.59257225098562
}