{
    "energy_consumption_joules": 9552.98785268972,
    "execution_time_seconds": 713.6456,
    "watts": 13.386179152074531
}