{
    "energy_consumption_joules": 11178.468590290082,
    "execution_time_seconds": 877.5116,
    "watts": 12.738827145179712
}