{
    "energy_consumption_joules": 12667.317954879747,
    "execution_time_seconds": 937.1071,
    "watts": 13.517470900476315
}