{
    "energy_consumption_joules": 11853.010958662962,
    "execution_time_seconds": 937.15436,
    "watts": 12.64787474142783
}