{
    "energy_consumption_joules": 109.90718110179904,
    "execution_time_seconds": 5.3015475,
    "watts": 20.731150876569348
}