{
    "energy_consumption_joules": 669.6208368911743,
    "execution_time_seconds": 25.64256,
    "watts": 26.113649997939923
}