{
    "energy_consumption_joules": 286.8554229736328,
    "execution_time_seconds": 11.408898,
    "watts": 25.143131525378944
}