{
    "energy_consumption_joules": 277.4061584472656,
    "execution_time_seconds": 10.807124,
    "watts": 25.668823495248656
}