{
    "energy_consumption_joules": 5853.190170288086,
    "execution_time_seconds": 180.07631,
    "watts": 32.50394330208169
}