{
    "energy_consumption_joules": 107.62360817909241,
    "execution_time_seconds": 5.1071525,
    "watts": 21.073114260655505
}