{
    "energy_consumption_joules": 11206.094794610997,
    "execution_time_seconds": 880.52454,
    "watts": 12.726612701346173
}