{
    "energy_consumption_joules": 11262.601025504147,
    "execution_time_seconds": 880.0428,
    "watts": 12.797787818392635
}