{
    "energy_consumption_joules": 267.2775421142578,
    "execution_time_seconds": 10.607674,
    "watts": 25.196621060777115
}