{
    "energy_consumption_joules": 9471.952190063486,
    "execution_time_seconds": 712.8915,
    "watts": 13.286667312015204
}