{
    "energy_consumption_joules": 11984.000654206297,
    "execution_time_seconds": 940.53217,
    "watts": 12.74172328864232
}