{
    "energy_consumption_joules": 304.0772399902344,
    "execution_time_seconds": 11.4070835,
    "watts": 26.656878595675604
}