{
    "energy_consumption_joules": 9444.899183276179,
    "execution_time_seconds": 714.55853,
    "watts": 13.21781041963935
}