{
    "energy_consumption_joules": 11402.919333141335,
    "execution_time_seconds": 880.9861,
    "watts": 12.943358962350638
}