{
    "energy_consumption_joules": 295.23777770996094,
    "execution_time_seconds": 11.408069,
    "watts": 25.879732819810343
}