{
    "energy_consumption_joules": 12107.446267601003,
    "execution_time_seconds": 938.98615,
    "watts": 12.894169171292893
}