{
    "energy_consumption_joules": 305.29730224609375,
    "execution_time_seconds": 11.608043,
    "watts": 26.300497185106373
}