{
    "energy_consumption_joules": 12022.21056452178,
    "execution_time_seconds": 939.81946,
    "watts": 12.79204259562978
}