{
    "energy_consumption_joules": 11266.546561203959,
    "execution_time_seconds": 879.095,
    "watts": 12.816073986547481
}