{
    "energy_consumption_joules": 289.8862762451172,
    "execution_time_seconds": 11.20818,
    "watts": 25.863813415301788
}