{
    "energy_consumption_joules": 11946.031014062894,
    "execution_time_seconds": 940.4871,
    "watts": 12.701961583590984
}