{
    "energy_consumption_joules": 11933.937896515816,
    "execution_time_seconds": 939.1511,
    "watts": 12.707154255066959
}